Trend_Name, Location, Date, Hour, Rank
Texans, Austin, 2020-11-1, 0, 1
Dallas, Austin, 2020-11-1, 1, 1
Dallas, Austin, 2020-11-1, 2, 1
Friday the 13th, Austin, 2020-11-1, 3, 1
Dallas, Austin, 2020-11-1, 3, 1
Friday the 13th, Austin, 2020-11-1, 4, 1
New England, Austin, 2020-11-1, 4, 1
Dallas, Austin, 2020-11-1, 4, 1
Friday the 13th, Austin, 2020-11-1, 5, 1
New England, Austin, 2020-11-1, 5, 1
"#MillionMAGAMarch", Austin, 2020-11-1, 5, 1
Friday the 13th, Austin, 2020-11-1, 6, 1
New England, Austin, 2020-11-1, 6, 1
"#MillionMAGAMarch", Austin, 2020-11-1, 6, 1
"#okpreps", Austin, 2020-11-1, 7, 1
The Texans, Austin, 2020-11-1, 7, 1
"#MillionMAGAMarch", Austin, 2020-11-1, 7, 1
"#txhsfb", Austin, 2020-11-1, 8, 1
Texans, Austin, 2020-11-1, 8, 1
Manny, Austin, 2020-11-1, 8, 1
"#txhsfb", Austin, 2020-11-1, 9, 1
Hopkins, Austin, 2020-11-1, 9, 1
Tulsa, Austin, 2020-11-1, 9, 1
"#MementoMori", Austin, 2020-11-1, 10, 1
Hopkins, Austin, 2020-11-1, 10, 1
"#DeactivateTrump", Austin, 2020-11-1, 10, 1
"#MementoMori", Austin, 2020-11-1, 11, 1
Hopkins, Austin, 2020-11-1, 11, 1
"#DeactivateTrump", Austin, 2020-11-1, 11, 1
Hopkins, Austin, 2020-11-1, 12, 1
"#MementoMori", Austin, 2020-11-1, 12, 1
"#DeactivateTrump", Austin, 2020-11-1, 12, 1
Hopkins, Austin, 2020-11-1, 13, 1
"#MementoMori", Austin, 2020-11-1, 13, 1
"#DeactivateTrump", Austin, 2020-11-1, 13, 1
"#WearAMask", Austin, 2020-11-1, 14, 1
Hopkins, Austin, 2020-11-1, 14, 1
"#DeactivateTrump", Austin, 2020-11-1, 14, 1
"#WearAMask", Austin, 2020-11-1, 15, 1
Hopkins, Austin, 2020-11-1, 15, 1
"#TrumpConceded", Austin, 2020-11-1, 15, 1
Unus Annus, Austin, 2020-11-1, 16, 1
Thanksgiving, Austin, 2020-11-1, 16, 1
Dominion, Austin, 2020-11-1, 16, 1
"#MementoMori", Austin, 2020-11-1, 17, 1
Demar, Austin, 2020-11-1, 17, 1
"#MementoMori", Austin, 2020-11-1, 18, 1
Demar, Austin, 2020-11-1, 18, 1
"#MementoMori", Austin, 2020-11-1, 19, 1
Watson, Austin, 2020-11-1, 19, 1
"#MementoMori", Austin, 2020-11-1, 20, 1
Watson, Austin, 2020-11-1, 20, 1
"#MementoMori", Austin, 2020-11-1, 21, 1
Justin Reid, Austin, 2020-11-1, 21, 1
Big T, Austin, 2020-11-1, 22, 1
Saints, Austin, 2020-11-1, 22, 1
Dallas, Austin, 2020-11-1, 23, 1
Brooklyn, Austin, 2020-11-1, 23, 1
Ravens, Boston, 2020-11-1, 0, 1
"#MillionMAGAMarch", Boston, 2020-11-1, 1, 1
"#MillionMAGAMarch", Boston, 2020-11-1, 2, 1
"#FridayThe13th", Boston, 2020-11-1, 3, 1
"#MillionMAGAMarch", Boston, 2020-11-1, 3, 1
"#WeWereHere", Boston, 2020-11-1, 4, 1
"#MillionMAGAMarch", Boston, 2020-11-1, 4, 1
"#WeWereHere", Boston, 2020-11-1, 5, 1
"#MillionMAGAMarch", Boston, 2020-11-1, 5, 1
Mother Nature, Boston, 2020-11-1, 5, 1
Larry, Boston, 2020-11-1, 6, 1
"#MillionMAGAMarch", Boston, 2020-11-1, 6, 1
Mother Nature, Boston, 2020-11-1, 6, 1
"#MementoMori", Boston, 2020-11-1, 7, 1
Mother Nature, Boston, 2020-11-1, 7, 1
Nazi, Boston, 2020-11-1, 7, 1
Buffalo, Boston, 2020-11-1, 8, 1
"#MementoMori", Boston, 2020-11-1, 8, 1
Gucci, Boston, 2020-11-1, 8, 1
"#MyRoboCrush", Boston, 2020-11-1, 9, 1
"#MementoMori", Boston, 2020-11-1, 9, 1
"#DeactivateTrump", Boston, 2020-11-1, 9, 1
"#CrimsixIsABot", Boston, 2020-11-1, 10, 1
"#MementoMori", Boston, 2020-11-1, 10, 1
"#DeactivateTrump", Boston, 2020-11-1, 10, 1
"#CrimsixIsABot", Boston, 2020-11-1, 11, 1
"#MementoMori", Boston, 2020-11-1, 11, 1
"#DeactivateTrump", Boston, 2020-11-1, 11, 1
patriots, Boston, 2020-11-1, 12, 1
"#MementoMori", Boston, 2020-11-1, 12, 1
"#DeactivateTrump", Boston, 2020-11-1, 12, 1
Patriots, Boston, 2020-11-1, 13, 1
"#MementoMori", Boston, 2020-11-1, 13, 1
"#DeactivateTrump", Boston, 2020-11-1, 13, 1
Pats, Boston, 2020-11-1, 14, 1
"#MarchForTrump", Boston, 2020-11-1, 14, 1
"#TrumpConceded", Boston, 2020-11-1, 14, 1
Pats, Boston, 2020-11-1, 15, 1
"#MarchForTrump", Boston, 2020-11-1, 15, 1
Doug, Boston, 2020-11-1, 15, 1
Pats, Boston, 2020-11-1, 16, 1
Doug, Boston, 2020-11-1, 16, 1
"#MementoMori", Boston, 2020-11-1, 17, 1
Pats, Boston, 2020-11-1, 17, 1
Doug, Boston, 2020-11-1, 17, 1
"#MementoMori", Boston, 2020-11-1, 18, 1
Doug, Boston, 2020-11-1, 18, 1
"#MementoMori", Boston, 2020-11-1, 19, 1
Doug, Boston, 2020-11-1, 19, 1
Penn State, Boston, 2020-11-1, 20, 1
"#DeactivateTrump", Boston, 2020-11-1, 20, 1
"#LootingLoeffler", Boston, 2020-11-1, 21, 1
Ravens, Boston, 2020-11-1, 21, 1
Notre Dame, Boston, 2020-11-1, 22, 1
Gronk, Boston, 2020-11-1, 22, 1
Notre Dame, Boston, 2020-11-1, 23, 1
Brooklyn, Boston, 2020-11-1, 23, 1
Panthers, Charlotte, 2020-11-1, 0, 1
NC State, Charlotte, 2020-11-1, 1, 1
Wolfpack, Charlotte, 2020-11-1, 2, 1
"#WearAMask", Charlotte, 2020-11-1, 3, 1
Thayer Thomas, Charlotte, 2020-11-1, 3, 1
"#WearAMask", Charlotte, 2020-11-1, 4, 1
Thayer Thomas, Charlotte, 2020-11-1, 4, 1
"#WeWereHere", Charlotte, 2020-11-1, 5, 1
thayer thomas, Charlotte, 2020-11-1, 5, 1
New England, Charlotte, 2020-11-1, 5, 1
"#WeWereHere", Charlotte, 2020-11-1, 6, 1
"#JingleJangleNetflix", Charlotte, 2020-11-1, 6, 1
New England, Charlotte, 2020-11-1, 6, 1
Karl, Charlotte, 2020-11-1, 7, 1
New England, Charlotte, 2020-11-1, 7, 1
"#JingleJangleNetflix", Charlotte, 2020-11-1, 7, 1
Kyrie, Charlotte, 2020-11-1, 8, 1
"#MementoMori", Charlotte, 2020-11-1, 8, 1
Gucci, Charlotte, 2020-11-1, 8, 1
ravens, Charlotte, 2020-11-1, 9, 1
"#MementoMori", Charlotte, 2020-11-1, 9, 1
"#DeactivateTrump", Charlotte, 2020-11-1, 9, 1
"#MementoMori", Charlotte, 2020-11-1, 10, 1
Hopkins, Charlotte, 2020-11-1, 10, 1
"#DeactivateTrump", Charlotte, 2020-11-1, 10, 1
Hopkins, Charlotte, 2020-11-1, 11, 1
"#MementoMori", Charlotte, 2020-11-1, 11, 1
"#DeactivateTrump", Charlotte, 2020-11-1, 11, 1
Hopkins, Charlotte, 2020-11-1, 12, 1
"#MementoMori", Charlotte, 2020-11-1, 12, 1
"#DeactivateTrump", Charlotte, 2020-11-1, 12, 1
"#MementoMori", Charlotte, 2020-11-1, 13, 1
Hopkins, Charlotte, 2020-11-1, 13, 1
"#DeactivateTrump", Charlotte, 2020-11-1, 13, 1
"#MarchForTrump", Charlotte, 2020-11-1, 14, 1
Hopkins, Charlotte, 2020-11-1, 14, 1
"#DeactivateTrump", Charlotte, 2020-11-1, 14, 1
Ravens, Charlotte, 2020-11-1, 15, 1
"#MarchForTrump", Charlotte, 2020-11-1, 15, 1
"#TrumpConceded", Charlotte, 2020-11-1, 15, 1
"#MarchForTrump", Charlotte, 2020-11-1, 16, 1
Ravens, Charlotte, 2020-11-1, 16, 1
"#TrumpConceded", Charlotte, 2020-11-1, 16, 1
"#MementoMori", Charlotte, 2020-11-1, 17, 1
Ravens, Charlotte, 2020-11-1, 17, 1
"#KeepPounding", Charlotte, 2020-11-1, 17, 1
"#MementoMori", Charlotte, 2020-11-1, 18, 1
Bucs, Charlotte, 2020-11-1, 18, 1
"#MementoMori", Charlotte, 2020-11-1, 19, 1
Tom Brady, Charlotte, 2020-11-1, 19, 1
"#MementoMori", Charlotte, 2020-11-1, 20, 1
Brady, Charlotte, 2020-11-1, 20, 1
javonte williams, Charlotte, 2020-11-1, 21, 1
Brady, Charlotte, 2020-11-1, 21, 1
Javonte Williams, Charlotte, 2020-11-1, 22, 1
Teddy, Charlotte, 2020-11-1, 22, 1
App State, Charlotte, 2020-11-1, 23, 1
Teddy, Charlotte, 2020-11-1, 23, 1
Jaguars, Chicago, 2020-11-1, 0, 1
"#Illini", Chicago, 2020-11-1, 1, 1
Lazor, Chicago, 2020-11-1, 2, 1
"#MillionMAGAMarch", Chicago, 2020-11-1, 2, 1
Purdue, Chicago, 2020-11-1, 3, 1
"#FridayThe13th", Chicago, 2020-11-1, 4, 1
Northwestern, Chicago, 2020-11-1, 4, 1
Lakers, Chicago, 2020-11-1, 4, 1
"#WeWereHere", Chicago, 2020-11-1, 5, 1
"#Svengoolie", Chicago, 2020-11-1, 5, 1
New England, Chicago, 2020-11-1, 5, 1
"#WeWereHere", Chicago, 2020-11-1, 6, 1
Kyrie, Chicago, 2020-11-1, 6, 1
"#Svengoolie", Chicago, 2020-11-1, 6, 1
Cuomo, Chicago, 2020-11-1, 7, 1
Kyrie, Chicago, 2020-11-1, 7, 1
"#JingleJangleNetflix", Chicago, 2020-11-1, 7, 1
"#MementoMori", Chicago, 2020-11-1, 8, 1
Ravens, Chicago, 2020-11-1, 8, 1
Nazis, Chicago, 2020-11-1, 8, 1
"#CrimsixIsABot", Chicago, 2020-11-1, 9, 1
IOWA, Chicago, 2020-11-1, 9, 1
"#DeactivateTrump", Chicago, 2020-11-1, 9, 1
"#CrimsixIsABot", Chicago, 2020-11-1, 10, 1
"#MementoMori", Chicago, 2020-11-1, 10, 1
"#DeactivateTrump", Chicago, 2020-11-1, 10, 1
"#MondayMorning", Chicago, 2020-11-1, 11, 1
"#MementoMori", Chicago, 2020-11-1, 11, 1
"#DeactivateTrump", Chicago, 2020-11-1, 11, 1
"#RHOP", Chicago, 2020-11-1, 12, 1
"#MementoMori", Chicago, 2020-11-1, 12, 1
"#DeactivateTrump", Chicago, 2020-11-1, 12, 1
"#RHOP", Chicago, 2020-11-1, 13, 1
"#MementoMori", Chicago, 2020-11-1, 13, 1
"#DeactivateTrump", Chicago, 2020-11-1, 13, 1
Ravens, Chicago, 2020-11-1, 14, 1
"#MarchForTrump", Chicago, 2020-11-1, 14, 1
"#DeactivateTrump", Chicago, 2020-11-1, 14, 1
"#MarchForTrump", Chicago, 2020-11-1, 15, 1
Ravens, Chicago, 2020-11-1, 15, 1
chan, Chicago, 2020-11-1, 15, 1
"#MarchForTrump", Chicago, 2020-11-1, 16, 1
Nazi, Chicago, 2020-11-1, 16, 1
Brooklyn, Chicago, 2020-11-1, 16, 1
Bryson, Chicago, 2020-11-1, 17, 1
Nazi, Chicago, 2020-11-1, 17, 1
Rutgers, Chicago, 2020-11-1, 18, 1
chan, Chicago, 2020-11-1, 18, 1
Rutgers, Chicago, 2020-11-1, 19, 1
Bengals, Chicago, 2020-11-1, 19, 1
Rutgers, Chicago, 2020-11-1, 20, 1
Amber, Chicago, 2020-11-1, 20, 1
Lovie, Chicago, 2020-11-1, 21, 1
Amber, Chicago, 2020-11-1, 21, 1
Purdue, Chicago, 2020-11-1, 22, 1
Gucci, Chicago, 2020-11-1, 22, 1
mccourt, Chicago, 2020-11-1, 23, 1
amber alert, Chicago, 2020-11-1, 23, 1
Zac Taylor, Columbus, 2020-11-1, 0, 1
"#MementoMori", Columbus, 2020-11-1, 1, 1
TTUN, Columbus, 2020-11-1, 2, 1
Friday the 13th, Columbus, 2020-11-1, 3, 1
TTUN, Columbus, 2020-11-1, 3, 1
Friday the 13th, Columbus, 2020-11-1, 4, 1
TTUN, Columbus, 2020-11-1, 4, 1
ttun, Columbus, 2020-11-1, 5, 1
Ridder, Columbus, 2020-11-1, 5, 1
Nick Chubb, Columbus, 2020-11-1, 5, 1
ttun, Columbus, 2020-11-1, 6, 1
Nick Chubb, Columbus, 2020-11-1, 6, 1
"#Bearcats", Columbus, 2020-11-1, 6, 1
Fickell, Columbus, 2020-11-1, 7, 1
Nick Chubb, Columbus, 2020-11-1, 7, 1
"#GoBlue", Columbus, 2020-11-1, 7, 1
"#Bearcats", Columbus, 2020-11-1, 8, 1
Bengals, Columbus, 2020-11-1, 8, 1
ttun, Columbus, 2020-11-1, 8, 1
"#Bearcats", Columbus, 2020-11-1, 9, 1
Bengals, Columbus, 2020-11-1, 9, 1
Wisconsin, Columbus, 2020-11-1, 9, 1
"#MementoMori", Columbus, 2020-11-1, 10, 1
Bengals, Columbus, 2020-11-1, 10, 1
"#DeactivateTrump", Columbus, 2020-11-1, 10, 1
Bengals, Columbus, 2020-11-1, 11, 1
"#MementoMori", Columbus, 2020-11-1, 11, 1
Michigan, Columbus, 2020-11-1, 11, 1
"#MementoMori", Columbus, 2020-11-1, 12, 1
Bengals, Columbus, 2020-11-1, 12, 1
Michigan, Columbus, 2020-11-1, 12, 1
"#themasters", Columbus, 2020-11-1, 13, 1
"#MondayMotivation", Columbus, 2020-11-1, 13, 1
Michigan, Columbus, 2020-11-1, 13, 1
"#MarchForTrump", Columbus, 2020-11-1, 14, 1
"#MondayMotivation", Columbus, 2020-11-1, 14, 1
Michigan, Columbus, 2020-11-1, 14, 1
"#MarchForTrump", Columbus, 2020-11-1, 15, 1
Michigan, Columbus, 2020-11-1, 15, 1
"#MondayMotivation", Columbus, 2020-11-1, 15, 1
"#UnusAnnus", Columbus, 2020-11-1, 16, 1
Michigan, Columbus, 2020-11-1, 16, 1
"#MondayMotivation", Columbus, 2020-11-1, 16, 1
RINO, Columbus, 2020-11-1, 17, 1
"#MementoMori", Columbus, 2020-11-1, 17, 1
Michigan, Columbus, 2020-11-1, 17, 1
"#MementoMori", Columbus, 2020-11-1, 18, 1
Michigan, Columbus, 2020-11-1, 18, 1
"#MementoMori", Columbus, 2020-11-1, 19, 1
Jarvis, Columbus, 2020-11-1, 19, 1
"#MementoMori", Columbus, 2020-11-1, 20, 1
Chubb, Columbus, 2020-11-1, 20, 1
"#MementoMori", Columbus, 2020-11-1, 21, 1
Matt Millen, Columbus, 2020-11-1, 21, 1
"#MementoMori", Columbus, 2020-11-1, 22, 1
Steelers, Columbus, 2020-11-1, 22, 1
"#MementoMori", Columbus, 2020-11-1, 23, 1
Big Ben, Columbus, 2020-11-1, 23, 1
Texans, Dallas-Ft. Worth, 2020-11-1, 0, 1
Dallas, Dallas-Ft. Worth, 2020-11-1, 1, 1
Dallas, Dallas-Ft. Worth, 2020-11-1, 2, 1
Duncanville, Dallas-Ft. Worth, 2020-11-1, 3, 1
Dallas, Dallas-Ft. Worth, 2020-11-1, 3, 1
Duncanville, Dallas-Ft. Worth, 2020-11-1, 4, 1
Dallas, Dallas-Ft. Worth, 2020-11-1, 4, 1
New England, Dallas-Ft. Worth, 2020-11-1, 4, 1
Duncanville, Dallas-Ft. Worth, 2020-11-1, 5, 1
New England, Dallas-Ft. Worth, 2020-11-1, 5, 1
Canelo, Dallas-Ft. Worth, 2020-11-1, 5, 1
Duncanville, Dallas-Ft. Worth, 2020-11-1, 6, 1
New England, Dallas-Ft. Worth, 2020-11-1, 6, 1
Tulsa, Dallas-Ft. Worth, 2020-11-1, 6, 1
The Texans, Dallas-Ft. Worth, 2020-11-1, 7, 1
"#okpreps", Dallas-Ft. Worth, 2020-11-1, 7, 1
Manny, Dallas-Ft. Worth, 2020-11-1, 7, 1
"#txhsfb", Dallas-Ft. Worth, 2020-11-1, 8, 1
kyler, Dallas-Ft. Worth, 2020-11-1, 8, 1
Manny, Dallas-Ft. Worth, 2020-11-1, 8, 1
"#txhsfb", Dallas-Ft. Worth, 2020-11-1, 9, 1
Hopkins, Dallas-Ft. Worth, 2020-11-1, 9, 1
Tulsa, Dallas-Ft. Worth, 2020-11-1, 9, 1
Hopkins, Dallas-Ft. Worth, 2020-11-1, 10, 1
"#MementoMori", Dallas-Ft. Worth, 2020-11-1, 10, 1
"#DeactivateTrump", Dallas-Ft. Worth, 2020-11-1, 10, 1
Hopkins, Dallas-Ft. Worth, 2020-11-1, 11, 1
"#MementoMori", Dallas-Ft. Worth, 2020-11-1, 11, 1
"#DeactivateTrump", Dallas-Ft. Worth, 2020-11-1, 11, 1
Hopkins, Dallas-Ft. Worth, 2020-11-1, 12, 1
"#MementoMori", Dallas-Ft. Worth, 2020-11-1, 12, 1
"#DeactivateTrump", Dallas-Ft. Worth, 2020-11-1, 12, 1
"#MementoMori", Dallas-Ft. Worth, 2020-11-1, 13, 1
Hopkins, Dallas-Ft. Worth, 2020-11-1, 13, 1
"#DeactivateTrump", Dallas-Ft. Worth, 2020-11-1, 13, 1
"#WearAMask", Dallas-Ft. Worth, 2020-11-1, 14, 1
Ravens, Dallas-Ft. Worth, 2020-11-1, 14, 1
"#DeactivateTrump", Dallas-Ft. Worth, 2020-11-1, 14, 1
"#WearAMask", Dallas-Ft. Worth, 2020-11-1, 15, 1
Ravens, Dallas-Ft. Worth, 2020-11-1, 15, 1
"#TrumpConceded", Dallas-Ft. Worth, 2020-11-1, 15, 1
"#UnusAnnus", Dallas-Ft. Worth, 2020-11-1, 16, 1
Rockets, Dallas-Ft. Worth, 2020-11-1, 16, 1
Dominion, Dallas-Ft. Worth, 2020-11-1, 16, 1
"#MementoMori", Dallas-Ft. Worth, 2020-11-1, 17, 1
Demar, Dallas-Ft. Worth, 2020-11-1, 17, 1
"#MementoMori", Dallas-Ft. Worth, 2020-11-1, 18, 1
Cleveland, Dallas-Ft. Worth, 2020-11-1, 18, 1
"#MementoMori", Dallas-Ft. Worth, 2020-11-1, 19, 1
Gronk, Dallas-Ft. Worth, 2020-11-1, 19, 1
Big T, Dallas-Ft. Worth, 2020-11-1, 20, 1
Watson, Dallas-Ft. Worth, 2020-11-1, 20, 1
Big T, Dallas-Ft. Worth, 2020-11-1, 21, 1
Justin Reid, Dallas-Ft. Worth, 2020-11-1, 21, 1
Dallas, Dallas-Ft. Worth, 2020-11-1, 22, 1
Saints, Dallas-Ft. Worth, 2020-11-1, 22, 1
Dallas, Dallas-Ft. Worth, 2020-11-1, 23, 1
Brooklyn, Dallas-Ft. Worth, 2020-11-1, 23, 1
Elway, Denver, 2020-11-1, 0, 1
"#MillionMAGAMarch", Denver, 2020-11-1, 1, 1
"#MillionMAGAMarch", Denver, 2020-11-1, 2, 1
"#copreps", Denver, 2020-11-1, 3, 1
"#MillionMAGAMarch", Denver, 2020-11-1, 3, 1
"#copreps", Denver, 2020-11-1, 4, 1
"#MillionMAGAMarch", Denver, 2020-11-1, 4, 1
"#copreps", Denver, 2020-11-1, 5, 1
"#MillionMAGAMarch", Denver, 2020-11-1, 5, 1
Broncos, Denver, 2020-11-1, 5, 1
"#copreps", Denver, 2020-11-1, 6, 1
"#MillionMAGAMarch", Denver, 2020-11-1, 6, 1
Elway, Denver, 2020-11-1, 6, 1
"#copreps", Denver, 2020-11-1, 7, 1
Elway, Denver, 2020-11-1, 7, 1
Gucci, Denver, 2020-11-1, 7, 1
Elway, Denver, 2020-11-1, 8, 1
"#copreps", Denver, 2020-11-1, 8, 1
Gucci, Denver, 2020-11-1, 8, 1
elway, Denver, 2020-11-1, 9, 1
"#MementoMori", Denver, 2020-11-1, 9, 1
"#DeactivateTrump", Denver, 2020-11-1, 9, 1
"#MementoMori", Denver, 2020-11-1, 10, 1
drew lock, Denver, 2020-11-1, 10, 1
"#DeactivateTrump", Denver, 2020-11-1, 10, 1
Drew Lock, Denver, 2020-11-1, 11, 1
"#MementoMori", Denver, 2020-11-1, 11, 1
"#DeactivateTrump", Denver, 2020-11-1, 11, 1
Drew Lock, Denver, 2020-11-1, 12, 1
"#MementoMori", Denver, 2020-11-1, 12, 1
"#DeactivateTrump", Denver, 2020-11-1, 12, 1
Drew Lock, Denver, 2020-11-1, 13, 1
"#MementoMori", Denver, 2020-11-1, 13, 1
"#DeactivateTrump", Denver, 2020-11-1, 13, 1
Ravens, Denver, 2020-11-1, 14, 1
"#WeWereHere", Denver, 2020-11-1, 14, 1
"#TrumpConceded", Denver, 2020-11-1, 14, 1
"#WeWereHere", Denver, 2020-11-1, 15, 1
"#MyRoboCrush", Denver, 2020-11-1, 15, 1
"#TrumpConceded", Denver, 2020-11-1, 15, 1
"#MementoMori", Denver, 2020-11-1, 16, 1
"#MondayMotivation", Denver, 2020-11-1, 16, 1
Nazi, Denver, 2020-11-1, 16, 1
"#MementoMori", Denver, 2020-11-1, 17, 1
"#HappyBirthdayEricNam", Denver, 2020-11-1, 17, 1
Nazi, Denver, 2020-11-1, 17, 1
"#cowx", Denver, 2020-11-1, 18, 1
Raiders, Denver, 2020-11-1, 18, 1
"#cowx", Denver, 2020-11-1, 19, 1
Raiders, Denver, 2020-11-1, 19, 1
"#cowx", Denver, 2020-11-1, 20, 1
Raiders, Denver, 2020-11-1, 20, 1
Stanford, Denver, 2020-11-1, 21, 1
"#BroncosCountry", Denver, 2020-11-1, 21, 1
Stanford, Denver, 2020-11-1, 22, 1
Fant, Denver, 2020-11-1, 22, 1
Elway, Denver, 2020-11-1, 23, 1
Michiganders, Detroit, 2020-11-1, 0, 1
Ohio State, Detroit, 2020-11-1, 1, 1
Eubanks, Detroit, 2020-11-1, 2, 1
Friday the 13th, Detroit, 2020-11-1, 3, 1
Brady Hoke, Detroit, 2020-11-1, 3, 1
Friday the 13th, Detroit, 2020-11-1, 4, 1
Rich Rod, Detroit, 2020-11-1, 4, 1
Friday the 13th, Detroit, 2020-11-1, 5, 1
McNamara, Detroit, 2020-11-1, 5, 1
Browns, Detroit, 2020-11-1, 5, 1
Friday the 13th, Detroit, 2020-11-1, 6, 1
Browns, Detroit, 2020-11-1, 6, 1
Milton, Detroit, 2020-11-1, 6, 1
"#MementoMori", Detroit, 2020-11-1, 7, 1
Browns, Detroit, 2020-11-1, 7, 1
Milton, Detroit, 2020-11-1, 7, 1
Steelers, Detroit, 2020-11-1, 8, 1
Wisconsin, Detroit, 2020-11-1, 8, 1
"#MementoMori", Detroit, 2020-11-1, 8, 1
Big Gretch, Detroit, 2020-11-1, 9, 1
"#MementoMori", Detroit, 2020-11-1, 9, 1
Milton, Detroit, 2020-11-1, 9, 1
"#MementoMori", Detroit, 2020-11-1, 10, 1
big gretch, Detroit, 2020-11-1, 10, 1
"#DeactivateTrump", Detroit, 2020-11-1, 10, 1
"#MementoMori", Detroit, 2020-11-1, 11, 1
big gretch, Detroit, 2020-11-1, 11, 1
"#DeactivateTrump", Detroit, 2020-11-1, 11, 1
"#MementoMori", Detroit, 2020-11-1, 12, 1
Big Gretch, Detroit, 2020-11-1, 12, 1
"#DeactivateTrump", Detroit, 2020-11-1, 12, 1
"#MementoMori", Detroit, 2020-11-1, 13, 1
"#MondayMotivation", Detroit, 2020-11-1, 13, 1
"#DeactivateTrump", Detroit, 2020-11-1, 13, 1
"#MarchForTrump", Detroit, 2020-11-1, 14, 1
"#TrumpConceded", Detroit, 2020-11-1, 14, 1
Governor, Detroit, 2020-11-1, 14, 1
"#MarchForTrump", Detroit, 2020-11-1, 15, 1
"#TrumpConceded", Detroit, 2020-11-1, 15, 1
Pistons, Detroit, 2020-11-1, 15, 1
"#FanDuelisSWEET", Detroit, 2020-11-1, 16, 1
Pistons, Detroit, 2020-11-1, 16, 1
"#MementoMori", Detroit, 2020-11-1, 17, 1
Lakers, Detroit, 2020-11-1, 17, 1
"#MementoMori", Detroit, 2020-11-1, 18, 1
Antifa, Detroit, 2020-11-1, 18, 1
"#MementoMori", Detroit, 2020-11-1, 19, 1
prater, Detroit, 2020-11-1, 19, 1
"#MementoMori", Detroit, 2020-11-1, 20, 1
Stafford, Detroit, 2020-11-1, 20, 1
"#MementoMori", Detroit, 2020-11-1, 21, 1
Quinn, Detroit, 2020-11-1, 21, 1
"#MementoMori", Detroit, 2020-11-1, 22, 1
Big Gretch, Detroit, 2020-11-1, 22, 1
"#MementoMori", Detroit, 2020-11-1, 23, 1
MDHHS, Detroit, 2020-11-1, 23, 1
Jeff Heath, El Paso, 2020-11-1, 0, 1
Dallas, El Paso, 2020-11-1, 1, 1
Dallas, El Paso, 2020-11-1, 2, 1
Duncanville, El Paso, 2020-11-1, 3, 1
Dallas, El Paso, 2020-11-1, 3, 1
Duncanville, El Paso, 2020-11-1, 4, 1
SHINee, El Paso, 2020-11-1, 4, 1
Duncanville, El Paso, 2020-11-1, 5, 1
NEW ENGLAND, El Paso, 2020-11-1, 5, 1
Canelo, El Paso, 2020-11-1, 5, 1
Wildcats, El Paso, 2020-11-1, 6, 1
New England, El Paso, 2020-11-1, 6, 1
Manny, El Paso, 2020-11-1, 6, 1
"#okpreps", El Paso, 2020-11-1, 7, 1
New England, El Paso, 2020-11-1, 7, 1
Manny, El Paso, 2020-11-1, 7, 1
Bills, El Paso, 2020-11-1, 8, 1
"#txhsfb", El Paso, 2020-11-1, 8, 1
Manny, El Paso, 2020-11-1, 8, 1
"#txhsfb", El Paso, 2020-11-1, 9, 1
DHop, El Paso, 2020-11-1, 9, 1
"#DeactivateTrump", El Paso, 2020-11-1, 9, 1
"#MementoMori", El Paso, 2020-11-1, 10, 1
"#CrimsixIsABot", El Paso, 2020-11-1, 10, 1
"#DeactivateTrump", El Paso, 2020-11-1, 10, 1
"#MementoMori", El Paso, 2020-11-1, 11, 1
"#CrimsixIsABot", El Paso, 2020-11-1, 11, 1
"#DeactivateTrump", El Paso, 2020-11-1, 11, 1
"#MementoMori", El Paso, 2020-11-1, 12, 1
"#MondayMotivation", El Paso, 2020-11-1, 12, 1
"#DeactivateTrump", El Paso, 2020-11-1, 12, 1
"#mementomori", El Paso, 2020-11-1, 13, 1
"#MondayMotivation", El Paso, 2020-11-1, 13, 1
"#DeactivateTrump", El Paso, 2020-11-1, 13, 1
"#MondayMotivation", El Paso, 2020-11-1, 14, 1
"#WearAMask", El Paso, 2020-11-1, 14, 1
"#TrumpConceded", El Paso, 2020-11-1, 14, 1
"#WearAMask", El Paso, 2020-11-1, 15, 1
Fauci, El Paso, 2020-11-1, 15, 1
"#themasters", El Paso, 2020-11-1, 15, 1
Harden, El Paso, 2020-11-1, 16, 1
"#TurkishGP", El Paso, 2020-11-1, 16, 1
"#MementoMori", El Paso, 2020-11-1, 17, 1
Demar, El Paso, 2020-11-1, 17, 1
"#MementoMori", El Paso, 2020-11-1, 18, 1
Bengals, El Paso, 2020-11-1, 18, 1
"#MementoMori", El Paso, 2020-11-1, 19, 1
Fuller, El Paso, 2020-11-1, 19, 1
"#MementoMori", El Paso, 2020-11-1, 20, 1
Tim Kelly, El Paso, 2020-11-1, 20, 1
"#MementoMori", El Paso, 2020-11-1, 21, 1
Justin Reid, El Paso, 2020-11-1, 21, 1
"#MementoMori", El Paso, 2020-11-1, 22, 1
Saints, El Paso, 2020-11-1, 22, 1
"#MementoMori", El Paso, 2020-11-1, 23, 1
Brooklyn, El Paso, 2020-11-1, 23, 1
Texans, Houston, 2020-11-1, 0, 1
Dallas, Houston, 2020-11-1, 1, 1
Dallas, Houston, 2020-11-1, 2, 1
Kylie, Houston, 2020-11-1, 3, 1
Baylor, Houston, 2020-11-1, 3, 1
Duncanville, Houston, 2020-11-1, 4, 1
Dallas, Houston, 2020-11-1, 4, 1
New England, Houston, 2020-11-1, 4, 1
Duncanville, Houston, 2020-11-1, 5, 1
Dallas, Houston, 2020-11-1, 5, 1
New England, Houston, 2020-11-1, 5, 1
Duncanville, Houston, 2020-11-1, 6, 1
Texans, Houston, 2020-11-1, 6, 1
SHINee, Houston, 2020-11-1, 6, 1
"#okpreps", Houston, 2020-11-1, 7, 1
Harden, Houston, 2020-11-1, 7, 1
Manny, Houston, 2020-11-1, 7, 1
"#txhsfb", Houston, 2020-11-1, 8, 1
Kyler, Houston, 2020-11-1, 8, 1
manny, Houston, 2020-11-1, 8, 1
"#txhsfb", Houston, 2020-11-1, 9, 1
Hopkins, Houston, 2020-11-1, 9, 1
Tulsa, Houston, 2020-11-1, 9, 1
Bill O’Brien, Houston, 2020-11-1, 10, 1
Kylie, Houston, 2020-11-1, 10, 1
"#DeactivateTrump", Houston, 2020-11-1, 10, 1
Bill O’Brien, Houston, 2020-11-1, 11, 1
"#MementoMori", Houston, 2020-11-1, 11, 1
"#DeactivateTrump", Houston, 2020-11-1, 11, 1
Bill O’Brien, Houston, 2020-11-1, 12, 1
"#MementoMori", Houston, 2020-11-1, 12, 1
"#DeactivateTrump", Houston, 2020-11-1, 12, 1
Bill O’Brien, Houston, 2020-11-1, 13, 1
"#MementoMori", Houston, 2020-11-1, 13, 1
"#DeactivateTrump", Houston, 2020-11-1, 13, 1
Bill O’Brien, Houston, 2020-11-1, 14, 1
"#WearAMask", Houston, 2020-11-1, 14, 1
"#DeactivateTrump", Houston, 2020-11-1, 14, 1
"#WearAMask", Houston, 2020-11-1, 15, 1
Bill O’Brien, Houston, 2020-11-1, 15, 1
"#TrumpConceded", Houston, 2020-11-1, 15, 1
"#WearAMask", Houston, 2020-11-1, 16, 1
"#themasters", Houston, 2020-11-1, 16, 1
Brooklyn, Houston, 2020-11-1, 16, 1
"#MementoMori", Houston, 2020-11-1, 17, 1
Demar, Houston, 2020-11-1, 17, 1
"#ML2020Focus", Houston, 2020-11-1, 18, 1
Cleveland, Houston, 2020-11-1, 18, 1
"#ML2020Focus", Houston, 2020-11-1, 19, 1
Megan, Houston, 2020-11-1, 19, 1
Boosie, Houston, 2020-11-1, 20, 1
Deshaun, Houston, 2020-11-1, 20, 1
Dallas, Houston, 2020-11-1, 21, 1
Tim Kelly, Houston, 2020-11-1, 21, 1
Dallas, Houston, 2020-11-1, 22, 1
Watson, Houston, 2020-11-1, 22, 1
Dallas, Houston, 2020-11-1, 23, 1
Brooklyn, Houston, 2020-11-1, 23, 1
Dustin Johnson, Indianapolis, 2020-11-1, 0, 1
Brohm, Indianapolis, 2020-11-1, 1, 1
Purdue, Indianapolis, 2020-11-1, 2, 1
"#wewerehere", Indianapolis, 2020-11-1, 3, 1
"#iufb", Indianapolis, 2020-11-1, 3, 1
"#WeWereHere", Indianapolis, 2020-11-1, 4, 1
"#jmvtakeover", Indianapolis, 2020-11-1, 4, 1
"#WeWereHere", Indianapolis, 2020-11-1, 5, 1
"#jmvtakeover", Indianapolis, 2020-11-1, 5, 1
Ravens, Indianapolis, 2020-11-1, 5, 1
"#WeWereHere", Indianapolis, 2020-11-1, 6, 1
"#jmvtakeover", Indianapolis, 2020-11-1, 6, 1
Ravens, Indianapolis, 2020-11-1, 6, 1
"#MementoMori", Indianapolis, 2020-11-1, 7, 1
Gucci, Indianapolis, 2020-11-1, 7, 1
Ravens, Indianapolis, 2020-11-1, 7, 1
"#MementoMori", Indianapolis, 2020-11-1, 8, 1
Steelers, Indianapolis, 2020-11-1, 8, 1
Gucci, Indianapolis, 2020-11-1, 8, 1
"#MementoMori", Indianapolis, 2020-11-1, 9, 1
Steelers, Indianapolis, 2020-11-1, 9, 1
"#DeactivateTrump", Indianapolis, 2020-11-1, 9, 1
"#MementoMori", Indianapolis, 2020-11-1, 10, 1
Hopkins, Indianapolis, 2020-11-1, 10, 1
"#DeactivateTrump", Indianapolis, 2020-11-1, 10, 1
"#MementoMori", Indianapolis, 2020-11-1, 11, 1
Hopkins, Indianapolis, 2020-11-1, 11, 1
"#DeactivateTrump", Indianapolis, 2020-11-1, 11, 1
"#MementoMori", Indianapolis, 2020-11-1, 12, 1
Hopkins, Indianapolis, 2020-11-1, 12, 1
"#DeactivateTrump", Indianapolis, 2020-11-1, 12, 1
"#MementoMori", Indianapolis, 2020-11-1, 13, 1
Lamar, Indianapolis, 2020-11-1, 13, 1
"#DeactivateTrump", Indianapolis, 2020-11-1, 13, 1
"#MarchForTrump", Indianapolis, 2020-11-1, 14, 1
Ravens, Indianapolis, 2020-11-1, 14, 1
"#DeactivateTrump", Indianapolis, 2020-11-1, 14, 1
"#MarchForTrump", Indianapolis, 2020-11-1, 15, 1
"#TrumpConceded", Indianapolis, 2020-11-1, 15, 1
ravens, Indianapolis, 2020-11-1, 15, 1
"#MementoMori", Indianapolis, 2020-11-1, 16, 1
"#TrumpConceded", Indianapolis, 2020-11-1, 16, 1
Ravens, Indianapolis, 2020-11-1, 16, 1
"#MementoMori", Indianapolis, 2020-11-1, 17, 1
"#HappyBirthdayEricNam", Indianapolis, 2020-11-1, 17, 1
Lakers, Indianapolis, 2020-11-1, 17, 1
Penn State, Indianapolis, 2020-11-1, 18, 1
Packers, Indianapolis, 2020-11-1, 18, 1
Penn State, Indianapolis, 2020-11-1, 19, 1
Antifa, Indianapolis, 2020-11-1, 19, 1
Ohio State, Indianapolis, 2020-11-1, 20, 1
Antifa, Indianapolis, 2020-11-1, 20, 1
Ohio State, Indianapolis, 2020-11-1, 21, 1
"#FanDuelisSWEET", Indianapolis, 2020-11-1, 21, 1
Purdue, Indianapolis, 2020-11-1, 22, 1
"#themasters", Indianapolis, 2020-11-1, 22, 1
Dustin Johnson, Indianapolis, 2020-11-1, 23, 1
Jason Sanders, Jacksonville, 2020-11-1, 0, 1
Webb, Jacksonville, 2020-11-1, 1, 1
grimes, Jacksonville, 2020-11-1, 2, 1
"#AtlasV", Jacksonville, 2020-11-1, 3, 1
Grimes, Jacksonville, 2020-11-1, 3, 1
"#NROL101", Jacksonville, 2020-11-1, 4, 1
"#Crew1", Jacksonville, 2020-11-1, 4, 1
Chubba, Jacksonville, 2020-11-1, 4, 1
"#NROL101", Jacksonville, 2020-11-1, 5, 1
"#Crew1", Jacksonville, 2020-11-1, 5, 1
Arkansas, Jacksonville, 2020-11-1, 5, 1
"#NROL101", Jacksonville, 2020-11-1, 6, 1
"#LaunchAmerica", Jacksonville, 2020-11-1, 6, 1
Chubba, Jacksonville, 2020-11-1, 6, 1
Cuomo, Jacksonville, 2020-11-1, 7, 1
"#Crew1", Jacksonville, 2020-11-1, 7, 1
"#Gators", Jacksonville, 2020-11-1, 7, 1
Bills, Jacksonville, 2020-11-1, 8, 1
"#MementoMori", Jacksonville, 2020-11-1, 8, 1
Arkansas, Jacksonville, 2020-11-1, 8, 1
"#CrimsixIsABot", Jacksonville, 2020-11-1, 9, 1
"#MementoMori", Jacksonville, 2020-11-1, 9, 1
Kyle Trask, Jacksonville, 2020-11-1, 9, 1
"#MementoMori", Jacksonville, 2020-11-1, 10, 1
"#CrimsixIsABot", Jacksonville, 2020-11-1, 10, 1
Kyle Trask, Jacksonville, 2020-11-1, 10, 1
"#MondayMorning", Jacksonville, 2020-11-1, 11, 1
"#MementoMori", Jacksonville, 2020-11-1, 11, 1
"#DeactivateTrump", Jacksonville, 2020-11-1, 11, 1
"#MondayMotivation", Jacksonville, 2020-11-1, 12, 1
"#MementoMori", Jacksonville, 2020-11-1, 12, 1
"#DeactivateTrump", Jacksonville, 2020-11-1, 12, 1
"#AMAs", Jacksonville, 2020-11-1, 13, 1
"#MementoMori", Jacksonville, 2020-11-1, 13, 1
"#TrumpIsPathetic", Jacksonville, 2020-11-1, 13, 1
"#AMAs", Jacksonville, 2020-11-1, 14, 1
"#WearAMask", Jacksonville, 2020-11-1, 14, 1
"#TrumpIsPathetic", Jacksonville, 2020-11-1, 14, 1
"#AMAs", Jacksonville, 2020-11-1, 15, 1
"#WearAMask", Jacksonville, 2020-11-1, 15, 1
"#TuaTime", Jacksonville, 2020-11-1, 15, 1
Canes, Jacksonville, 2020-11-1, 16, 1
"#GiveMiamiDay", Jacksonville, 2020-11-1, 16, 1
"#TuaTime", Jacksonville, 2020-11-1, 16, 1
"#IMSA", Jacksonville, 2020-11-1, 17, 1
"#Crew1", Jacksonville, 2020-11-1, 17, 1
Wiggins, Jacksonville, 2020-11-1, 18, 1
Packers, Jacksonville, 2020-11-1, 18, 1
Wiggins, Jacksonville, 2020-11-1, 19, 1
"#DUUUVAL", Jacksonville, 2020-11-1, 19, 1
Chaney, Jacksonville, 2020-11-1, 20, 1
Luton, Jacksonville, 2020-11-1, 20, 1
Phillips, Jacksonville, 2020-11-1, 21, 1
Chargers, Jacksonville, 2020-11-1, 21, 1
Phillips, Jacksonville, 2020-11-1, 22, 1
Chargers, Jacksonville, 2020-11-1, 22, 1
Canes, Jacksonville, 2020-11-1, 23, 1
Xavien Howard, Jacksonville, 2020-11-1, 23, 1
Danny Green, Los Angeles, 2020-11-1, 0, 1
Nazis, Los Angeles, 2020-11-1, 1, 1
"#BrokenHeartsWatchParty", Los Angeles, 2020-11-1, 2, 1
"#USCvsAZ", Los Angeles, 2020-11-1, 2, 1
"#FightOn", Los Angeles, 2020-11-1, 3, 1
Friday the 13th, Los Angeles, 2020-11-1, 4, 1
New England, Los Angeles, 2020-11-1, 4, 1
Helton, Los Angeles, 2020-11-1, 4, 1
"#FridayThe13th", Los Angeles, 2020-11-1, 5, 1
jake paul, Los Angeles, 2020-11-1, 5, 1
Happy Diwali, Los Angeles, 2020-11-1, 5, 1
French Laundry, Los Angeles, 2020-11-1, 6, 1
"#RaiderNation", Los Angeles, 2020-11-1, 6, 1
"#Dynamite", Los Angeles, 2020-11-1, 6, 1
Margaret Thatcher, Los Angeles, 2020-11-1, 7, 1
iPhone 12, Los Angeles, 2020-11-1, 7, 1
Happy Diwali, Los Angeles, 2020-11-1, 7, 1
Margaret Thatcher, Los Angeles, 2020-11-1, 8, 1
seokjin, Los Angeles, 2020-11-1, 8, 1
"#SpartanUp", Los Angeles, 2020-11-1, 8, 1
"#earthquake", Los Angeles, 2020-11-1, 9, 1
seokjin, Los Angeles, 2020-11-1, 9, 1
Ricky, Los Angeles, 2020-11-1, 9, 1
"#earthquake", Los Angeles, 2020-11-1, 10, 1
namjoon, Los Angeles, 2020-11-1, 10, 1
Ricky, Los Angeles, 2020-11-1, 10, 1
"#earthquake", Los Angeles, 2020-11-1, 11, 1
namjoon, Los Angeles, 2020-11-1, 11, 1
Ricky, Los Angeles, 2020-11-1, 11, 1
"#earthquake", Los Angeles, 2020-11-1, 12, 1
namjoon, Los Angeles, 2020-11-1, 12, 1
Ricky, Los Angeles, 2020-11-1, 12, 1
"#TheCrown", Los Angeles, 2020-11-1, 13, 1
Megan, Los Angeles, 2020-11-1, 13, 1
Ricky, Los Angeles, 2020-11-1, 13, 1
"#TheCrown", Los Angeles, 2020-11-1, 14, 1
megan, Los Angeles, 2020-11-1, 14, 1
"#DeactivateTrump", Los Angeles, 2020-11-1, 14, 1
Philippines, Los Angeles, 2020-11-1, 15, 1
"#TheCrown", Los Angeles, 2020-11-1, 15, 1
Crawford, Los Angeles, 2020-11-1, 15, 1
Markiplier, Los Angeles, 2020-11-1, 16, 1
"#earthquake", Los Angeles, 2020-11-1, 16, 1
Crawford, Los Angeles, 2020-11-1, 16, 1
"#MementoMori", Los Angeles, 2020-11-1, 17, 1
Tommy, Los Angeles, 2020-11-1, 17, 1
Dark Side of the Moon, Los Angeles, 2020-11-1, 18, 1
"#GoBears", Los Angeles, 2020-11-1, 18, 1
HAPPY BIRTHDAY JAKE, Los Angeles, 2020-11-1, 19, 1
UCLA, Los Angeles, 2020-11-1, 19, 1
Kayleigh, Los Angeles, 2020-11-1, 20, 1
UCLA, Los Angeles, 2020-11-1, 20, 1
LA Times, Los Angeles, 2020-11-1, 21, 1
Antifa, Los Angeles, 2020-11-1, 21, 1
Arizona, Los Angeles, 2020-11-1, 22, 1
UCLA, Los Angeles, 2020-11-1, 22, 1
Nazis, Los Angeles, 2020-11-1, 23, 1
Schroder, Los Angeles, 2020-11-1, 23, 1
South Carolina, Nashville, 2020-11-1, 0, 1
Vandy, Nashville, 2020-11-1, 1, 1
Florida, Nashville, 2020-11-1, 2, 1
"#WeWereHere", Nashville, 2020-11-1, 3, 1
Florida, Nashville, 2020-11-1, 3, 1
"#WeWereHere", Nashville, 2020-11-1, 4, 1
Florida, Nashville, 2020-11-1, 4, 1
"#WeWereHere", Nashville, 2020-11-1, 5, 1
Florida, Nashville, 2020-11-1, 5, 1
freeze, Nashville, 2020-11-1, 5, 1
"#WeWereHere", Nashville, 2020-11-1, 6, 1
Florida, Nashville, 2020-11-1, 6, 1
Muschamp, Nashville, 2020-11-1, 6, 1
"#MementoMori", Nashville, 2020-11-1, 7, 1
South Carolina, Nashville, 2020-11-1, 7, 1
Gucci, Nashville, 2020-11-1, 7, 1
South Carolina, Nashville, 2020-11-1, 8, 1
Boosie, Nashville, 2020-11-1, 8, 1
"#MementoMori", Nashville, 2020-11-1, 8, 1
South Carolina, Nashville, 2020-11-1, 9, 1
"#MementoMori", Nashville, 2020-11-1, 9, 1
"#DeactivateTrump", Nashville, 2020-11-1, 9, 1
"#MementoMori", Nashville, 2020-11-1, 10, 1
South Carolina, Nashville, 2020-11-1, 10, 1
"#DeactivateTrump", Nashville, 2020-11-1, 10, 1
South Carolina, Nashville, 2020-11-1, 11, 1
"#MementoMori", Nashville, 2020-11-1, 11, 1
"#DeactivateTrump", Nashville, 2020-11-1, 11, 1
Patriots, Nashville, 2020-11-1, 12, 1
"#MementoMori", Nashville, 2020-11-1, 12, 1
"#DeactivateTrump", Nashville, 2020-11-1, 12, 1
"#MementoMori", Nashville, 2020-11-1, 13, 1
Lamar, Nashville, 2020-11-1, 13, 1
"#DeactivateTrump", Nashville, 2020-11-1, 13, 1
"#MarchForTrump", Nashville, 2020-11-1, 14, 1
Ravens, Nashville, 2020-11-1, 14, 1
"#TrumpConceded", Nashville, 2020-11-1, 14, 1
"#TrumpConceded", Nashville, 2020-11-1, 15, 1
Vandy, Nashville, 2020-11-1, 15, 1
Ravens, Nashville, 2020-11-1, 15, 1
Ravens, Nashville, 2020-11-1, 16, 1
"#FanDuelisSWEET", Nashville, 2020-11-1, 16, 1
"#MementoMori", Nashville, 2020-11-1, 17, 1
Lakers, Nashville, 2020-11-1, 17, 1
"#MementoMori", Nashville, 2020-11-1, 18, 1
Proud Boys, Nashville, 2020-11-1, 18, 1
"#MementoMori", Nashville, 2020-11-1, 19, 1
Proud Boys, Nashville, 2020-11-1, 19, 1
"#MementoMori", Nashville, 2020-11-1, 20, 1
Tiger, Nashville, 2020-11-1, 20, 1
"#MementoMori", Nashville, 2020-11-1, 21, 1
Gucci, Nashville, 2020-11-1, 21, 1
"#MementoMori", Nashville, 2020-11-1, 22, 1
"#themasters", Nashville, 2020-11-1, 22, 1
"#MementoMori", Nashville, 2020-11-1, 23, 1
Panthers, Nashville, 2020-11-1, 23, 1
Dane Jackson, New York, 2020-11-1, 0, 1
Harden, New York, 2020-11-1, 1, 1
Murphy, New York, 2020-11-1, 2, 1
Harden, New York, 2020-11-1, 2, 1
Drew, New York, 2020-11-1, 3, 1
Otis, New York, 2020-11-1, 3, 1
Tori, New York, 2020-11-1, 3, 1
Drew, New York, 2020-11-1, 4, 1
Poyer, New York, 2020-11-1, 4, 1
Yoshi, New York, 2020-11-1, 4, 1
Drew, New York, 2020-11-1, 5, 1
Tornado, New York, 2020-11-1, 5, 1
Harden, New York, 2020-11-1, 5, 1
iPhone 12, New York, 2020-11-1, 6, 1
Tornado Warning, New York, 2020-11-1, 6, 1
"#QOTR", New York, 2020-11-1, 6, 1
Karl, New York, 2020-11-1, 7, 1
Tornado, New York, 2020-11-1, 7, 1
"#ChristmasInVienna", New York, 2020-11-1, 7, 1
Tornado, New York, 2020-11-1, 8, 1
Vince, New York, 2020-11-1, 8, 1
Kyrie, New York, 2020-11-1, 8, 1
Tornado, New York, 2020-11-1, 9, 1
"#MementoMori", New York, 2020-11-1, 9, 1
"#DeactivateTrump", New York, 2020-11-1, 9, 1
"#MementoMori", New York, 2020-11-1, 10, 1
Hail Mary, New York, 2020-11-1, 10, 1
"#DeactivateTrump", New York, 2020-11-1, 10, 1
"#MondayMorning", New York, 2020-11-1, 11, 1
"#MementoMori", New York, 2020-11-1, 11, 1
"#DeactivateTrump", New York, 2020-11-1, 11, 1
The Crown, New York, 2020-11-1, 12, 1
"#MementoMori", New York, 2020-11-1, 12, 1
"#DeactivateTrump", New York, 2020-11-1, 12, 1
"#RHOP", New York, 2020-11-1, 13, 1
"#MarchForTrump", New York, 2020-11-1, 13, 1
"#DeactivateTrump", New York, 2020-11-1, 13, 1
"#MarchForTrump", New York, 2020-11-1, 14, 1
Ravens, New York, 2020-11-1, 14, 1
"#DeactivateTrump", New York, 2020-11-1, 14, 1
Sabres, New York, 2020-11-1, 15, 1
Crawford, New York, 2020-11-1, 15, 1
Larry, New York, 2020-11-1, 16, 1
Crawford, New York, 2020-11-1, 16, 1
Rangers, New York, 2020-11-1, 16, 1
Lou Dobbs, New York, 2020-11-1, 17, 1
Crawford, New York, 2020-11-1, 17, 1
"#TurkishGP", New York, 2020-11-1, 18, 1
Crawford, New York, 2020-11-1, 18, 1
SNKRS, New York, 2020-11-1, 19, 1
Edmonds, New York, 2020-11-1, 19, 1
Kayleigh, New York, 2020-11-1, 20, 1
Tate, New York, 2020-11-1, 20, 1
"#COVID__19", New York, 2020-11-1, 21, 1
Slayton, New York, 2020-11-1, 21, 1
Josh Norman, New York, 2020-11-1, 22, 1
Dane Jackson, New York, 2020-11-1, 22, 1
"#SaturdayThoughts", New York, 2020-11-1, 23, 1
Kyler Murray, New York, 2020-11-1, 23, 1
Danny Green, Oklahoma City, 2020-11-1, 0, 1
"#MementoMori", Oklahoma City, 2020-11-1, 1, 1
"#okwx", Oklahoma City, 2020-11-1, 2, 1
"#WeWereHere", Oklahoma City, 2020-11-1, 3, 1
"#ReignCane", Oklahoma City, 2020-11-1, 3, 1
"#WeWereHere", Oklahoma City, 2020-11-1, 4, 1
"#ReignCane", Oklahoma City, 2020-11-1, 4, 1
"#okpreps", Oklahoma City, 2020-11-1, 5, 1
Tulsa, Oklahoma City, 2020-11-1, 5, 1
Ravens, Oklahoma City, 2020-11-1, 5, 1
"#MarksNewHat", Oklahoma City, 2020-11-1, 6, 1
Ravens, Oklahoma City, 2020-11-1, 6, 1
Tulsa, Oklahoma City, 2020-11-1, 6, 1
"#okpreps", Oklahoma City, 2020-11-1, 7, 1
Ravens, Oklahoma City, 2020-11-1, 7, 1
Tulsa, Oklahoma City, 2020-11-1, 7, 1
Ravens, Oklahoma City, 2020-11-1, 8, 1
"#MementoMori", Oklahoma City, 2020-11-1, 8, 1
Tulsa, Oklahoma City, 2020-11-1, 8, 1
Kyler Murray, Oklahoma City, 2020-11-1, 9, 1
"#MementoMori", Oklahoma City, 2020-11-1, 9, 1
Tulsa, Oklahoma City, 2020-11-1, 9, 1
"#MementoMori", Oklahoma City, 2020-11-1, 10, 1
kyler murray, Oklahoma City, 2020-11-1, 10, 1
Tulsa, Oklahoma City, 2020-11-1, 10, 1
Kyler Murray, Oklahoma City, 2020-11-1, 11, 1
"#MementoMori", Oklahoma City, 2020-11-1, 11, 1
Tulsa, Oklahoma City, 2020-11-1, 11, 1
Kyler Murray, Oklahoma City, 2020-11-1, 12, 1
"#MementoMori", Oklahoma City, 2020-11-1, 12, 1
Tulsa, Oklahoma City, 2020-11-1, 12, 1
"#MementoMori", Oklahoma City, 2020-11-1, 13, 1
Kyler Murray, Oklahoma City, 2020-11-1, 13, 1
Tulsa, Oklahoma City, 2020-11-1, 13, 1
Kyler Murray, Oklahoma City, 2020-11-1, 14, 1
"#MarchForTrump", Oklahoma City, 2020-11-1, 14, 1
Tulsa, Oklahoma City, 2020-11-1, 14, 1
Kyler Murray, Oklahoma City, 2020-11-1, 15, 1
"#MarchForTrump", Oklahoma City, 2020-11-1, 15, 1
Tulsa, Oklahoma City, 2020-11-1, 15, 1
"#MondayMotivation", Oklahoma City, 2020-11-1, 16, 1
"#FanDuelisSWEET", Oklahoma City, 2020-11-1, 16, 1
"#MementoMori", Oklahoma City, 2020-11-1, 17, 1
Lakers, Oklahoma City, 2020-11-1, 17, 1
"#MementoMori", Oklahoma City, 2020-11-1, 18, 1
Daniel Jones, Oklahoma City, 2020-11-1, 18, 1
"#MementoMori", Oklahoma City, 2020-11-1, 19, 1
Presti, Oklahoma City, 2020-11-1, 19, 1
"#MementoMori", Oklahoma City, 2020-11-1, 20, 1
Presti, Oklahoma City, 2020-11-1, 20, 1
"#MementoMori", Oklahoma City, 2020-11-1, 21, 1
Presti, Oklahoma City, 2020-11-1, 21, 1
"#MementoMori", Oklahoma City, 2020-11-1, 22, 1
Danny Green, Oklahoma City, 2020-11-1, 22, 1
"#MementoMori", Oklahoma City, 2020-11-1, 23, 1
Danny Green, Oklahoma City, 2020-11-1, 23, 1
Conner, Philadelphia, 2020-11-1, 0, 1
Rutgers, Philadelphia, 2020-11-1, 1, 1
"#MillionMAGAMarch", Philadelphia, 2020-11-1, 2, 1
"#ConcedeNowTrump", Philadelphia, 2020-11-1, 3, 1
Penn State, Philadelphia, 2020-11-1, 3, 1
Commonwealth, Philadelphia, 2020-11-1, 4, 1
Temple, Philadelphia, 2020-11-1, 4, 1
meek, Philadelphia, 2020-11-1, 4, 1
Commonwealth, Philadelphia, 2020-11-1, 5, 1
Temple, Philadelphia, 2020-11-1, 5, 1
Meek, Philadelphia, 2020-11-1, 5, 1
Commonwealth, Philadelphia, 2020-11-1, 6, 1
meek, Philadelphia, 2020-11-1, 6, 1
Nazi, Philadelphia, 2020-11-1, 6, 1
Commonwealth, Philadelphia, 2020-11-1, 7, 1
meek, Philadelphia, 2020-11-1, 7, 1
Nazi, Philadelphia, 2020-11-1, 7, 1
"#MementoMori", Philadelphia, 2020-11-1, 8, 1
meek, Philadelphia, 2020-11-1, 8, 1
Nazi, Philadelphia, 2020-11-1, 8, 1
Meek, Philadelphia, 2020-11-1, 9, 1
"#MementoMori", Philadelphia, 2020-11-1, 9, 1
Nazi, Philadelphia, 2020-11-1, 9, 1
"#MementoMori", Philadelphia, 2020-11-1, 10, 1
Meek, Philadelphia, 2020-11-1, 10, 1
"#DeactivateTrump", Philadelphia, 2020-11-1, 10, 1
"#MondayMorning", Philadelphia, 2020-11-1, 11, 1
"#MementoMori", Philadelphia, 2020-11-1, 11, 1
"#DeactivateTrump", Philadelphia, 2020-11-1, 11, 1
"#MondayMotivation", Philadelphia, 2020-11-1, 12, 1
"#MementoMori", Philadelphia, 2020-11-1, 12, 1
"#DeactivateTrump", Philadelphia, 2020-11-1, 12, 1
"#MondayMotivation", Philadelphia, 2020-11-1, 13, 1
"#MementoMori", Philadelphia, 2020-11-1, 13, 1
"#DeactivateTrump", Philadelphia, 2020-11-1, 13, 1
Cuomo, Philadelphia, 2020-11-1, 14, 1
Ravens, Philadelphia, 2020-11-1, 14, 1
"#DeactivateTrump", Philadelphia, 2020-11-1, 14, 1
Ravens, Philadelphia, 2020-11-1, 15, 1
Cuomo, Philadelphia, 2020-11-1, 15, 1
"#FlyEaglesFly", Philadelphia, 2020-11-1, 15, 1
"#MondayMotivation", Philadelphia, 2020-11-1, 16, 1
Ben Roethlisberger, Philadelphia, 2020-11-1, 16, 1
"#FlyEaglesFly", Philadelphia, 2020-11-1, 16, 1
Nebraska, Philadelphia, 2020-11-1, 17, 1
YOU LOST, Philadelphia, 2020-11-1, 17, 1
Rutgers, Philadelphia, 2020-11-1, 18, 1
JJAW, Philadelphia, 2020-11-1, 18, 1
Rutgers, Philadelphia, 2020-11-1, 19, 1
Doug, Philadelphia, 2020-11-1, 19, 1
Aliquippa, Philadelphia, 2020-11-1, 20, 1
Kelce, Philadelphia, 2020-11-1, 20, 1
Aliquippa, Philadelphia, 2020-11-1, 21, 1
Kelce, Philadelphia, 2020-11-1, 21, 1
Aliquippa, Philadelphia, 2020-11-1, 22, 1
howie, Philadelphia, 2020-11-1, 22, 1
Levis, Philadelphia, 2020-11-1, 23, 1
cam sutton, Philadelphia, 2020-11-1, 23, 1
Kliff, Phoenix, 2020-11-1, 0, 1
Wildcats, Phoenix, 2020-11-1, 1, 1
"#MillionMAGAMarch", Phoenix, 2020-11-1, 2, 1
"#WorldKindnessDay", Phoenix, 2020-11-1, 3, 1
"#MillionMAGAMarch", Phoenix, 2020-11-1, 3, 1
iPhone, Phoenix, 2020-11-1, 4, 1
"#MillionMAGAMarch", Phoenix, 2020-11-1, 4, 1
"#RedSea", Phoenix, 2020-11-1, 4, 1
iPhone, Phoenix, 2020-11-1, 5, 1
"#MillionMAGAMarch", Phoenix, 2020-11-1, 5, 1
"#RedSea", Phoenix, 2020-11-1, 5, 1
"#WeWereHere", Phoenix, 2020-11-1, 6, 1
"#MillionMAGAMarch", Phoenix, 2020-11-1, 6, 1
"#RedSea", Phoenix, 2020-11-1, 6, 1
"#MementoMori", Phoenix, 2020-11-1, 7, 1
"#RedSea", Phoenix, 2020-11-1, 7, 1
"#MillionMAGAMarch", Phoenix, 2020-11-1, 7, 1
namjoon, Phoenix, 2020-11-1, 8, 1
Cardinals, Phoenix, 2020-11-1, 8, 1
Gucci, Phoenix, 2020-11-1, 8, 1
namjoon, Phoenix, 2020-11-1, 9, 1
Hopkins, Phoenix, 2020-11-1, 9, 1
"#DeactivateTrump", Phoenix, 2020-11-1, 9, 1
"#MementoMori", Phoenix, 2020-11-1, 10, 1
Hopkins, Phoenix, 2020-11-1, 10, 1
"#DeactivateTrump", Phoenix, 2020-11-1, 10, 1
"#MementoMori", Phoenix, 2020-11-1, 11, 1
Hopkins, Phoenix, 2020-11-1, 11, 1
"#DeactivateTrump", Phoenix, 2020-11-1, 11, 1
Hopkins, Phoenix, 2020-11-1, 12, 1
"#MementoMori", Phoenix, 2020-11-1, 12, 1
"#DeactivateTrump", Phoenix, 2020-11-1, 12, 1
Hopkins, Phoenix, 2020-11-1, 13, 1
"#MementoMori", Phoenix, 2020-11-1, 13, 1
"#DeactivateTrump", Phoenix, 2020-11-1, 13, 1
"#MarchForTrump", Phoenix, 2020-11-1, 14, 1
Hopkins, Phoenix, 2020-11-1, 14, 1
"#DeactivateTrump", Phoenix, 2020-11-1, 14, 1
"#MarchForTrump", Phoenix, 2020-11-1, 15, 1
Crawford, Phoenix, 2020-11-1, 15, 1
Hopkins, Phoenix, 2020-11-1, 15, 1
Unus Annus, Phoenix, 2020-11-1, 16, 1
"#MondayMotivation", Phoenix, 2020-11-1, 16, 1
"#TrumpConceded", Phoenix, 2020-11-1, 16, 1
"#momentomori", Phoenix, 2020-11-1, 17, 1
"#FanDuelisSWEET", Phoenix, 2020-11-1, 17, 1
Penn State, Phoenix, 2020-11-1, 18, 1
Lakers, Phoenix, 2020-11-1, 18, 1
Penn State, Phoenix, 2020-11-1, 19, 1
Antifa, Phoenix, 2020-11-1, 19, 1
"#BearDown", Phoenix, 2020-11-1, 20, 1
"#RedSea", Phoenix, 2020-11-1, 20, 1
Arizona, Phoenix, 2020-11-1, 21, 1
"#RedSea", Phoenix, 2020-11-1, 21, 1
Arizona, Phoenix, 2020-11-1, 22, 1
"#RedSea", Phoenix, 2020-11-1, 22, 1
Arizona, Phoenix, 2020-11-1, 23, 1
Kliff, Phoenix, 2020-11-1, 23, 1
Thanksgiving, Portland, 2020-11-1, 0, 1
Thanksgiving, Portland, 2020-11-1, 1, 1
Pullman, Portland, 2020-11-1, 1, 1
Pullman, Portland, 2020-11-1, 2, 1
Thanksgiving, Portland, 2020-11-1, 3, 1
Wazzu, Portland, 2020-11-1, 3, 1
Thanksgiving, Portland, 2020-11-1, 4, 1
shough, Portland, 2020-11-1, 4, 1
Kate Brown, Portland, 2020-11-1, 5, 1
Beavers, Portland, 2020-11-1, 5, 1
Thanksgiving, Portland, 2020-11-1, 5, 1
Kate Brown, Portland, 2020-11-1, 6, 1
Thanksgiving, Portland, 2020-11-1, 6, 1
Shough, Portland, 2020-11-1, 6, 1
Kate Brown, Portland, 2020-11-1, 7, 1
Thanksgiving, Portland, 2020-11-1, 7, 1
Washington, Portland, 2020-11-1, 7, 1
Thanksgiving, Portland, 2020-11-1, 8, 1
Kate Brown, Portland, 2020-11-1, 8, 1
Washington, Portland, 2020-11-1, 8, 1
Thanksgiving, Portland, 2020-11-1, 9, 1
Kate Brown, Portland, 2020-11-1, 9, 1
Washington, Portland, 2020-11-1, 9, 1
"#MementoMori", Portland, 2020-11-1, 10, 1
Thanksgiving, Portland, 2020-11-1, 10, 1
gebbia, Portland, 2020-11-1, 10, 1
Thanksgiving, Portland, 2020-11-1, 11, 1
"#MementoMori", Portland, 2020-11-1, 11, 1
gebbia, Portland, 2020-11-1, 11, 1
Thanksgiving, Portland, 2020-11-1, 12, 1
"#MementoMori", Portland, 2020-11-1, 12, 1
gebbia, Portland, 2020-11-1, 12, 1
"#MementoMori", Portland, 2020-11-1, 13, 1
"#MondayMotivation", Portland, 2020-11-1, 13, 1
Gebbia, Portland, 2020-11-1, 13, 1
"#MarchForTrump", Portland, 2020-11-1, 14, 1
Ravens, Portland, 2020-11-1, 14, 1
"#MarchForTrump", Portland, 2020-11-1, 15, 1
Gebbia, Portland, 2020-11-1, 15, 1
"#MyRoboCrush", Portland, 2020-11-1, 15, 1
Gebbia, Portland, 2020-11-1, 16, 1
"#MyRoboCrush", Portland, 2020-11-1, 16, 1
"#MementoMori", Portland, 2020-11-1, 17, 1
gebbia, Portland, 2020-11-1, 17, 1
"#MementoMori", Portland, 2020-11-1, 18, 1
"#GoDucks", Portland, 2020-11-1, 18, 1
Penn State, Portland, 2020-11-1, 19, 1
Thanksgiving, Portland, 2020-11-1, 19, 1
"#MillionMoronMarch", Portland, 2020-11-1, 20, 1
Andy Ngo, Portland, 2020-11-1, 20, 1
"#LootingLoeffler", Portland, 2020-11-1, 21, 1
Andy Ngo, Portland, 2020-11-1, 21, 1
Boosie, Portland, 2020-11-1, 22, 1
Thanksgiving, Portland, 2020-11-1, 22, 1
Boosie, Portland, 2020-11-1, 23, 1
Thanksgiving, Portland, 2020-11-1, 23, 1
Texans, San Antonio, 2020-11-1, 0, 1
"#BirdsUp", San Antonio, 2020-11-1, 1, 1
"#BirdsUp", San Antonio, 2020-11-1, 2, 1
Friday the 13th, San Antonio, 2020-11-1, 3, 1
"#birdsup", San Antonio, 2020-11-1, 3, 1
Friday the 13th, San Antonio, 2020-11-1, 4, 1
New England, San Antonio, 2020-11-1, 4, 1
UTSA, San Antonio, 2020-11-1, 4, 1
Duncanville, San Antonio, 2020-11-1, 5, 1
UTSA, San Antonio, 2020-11-1, 5, 1
New England, San Antonio, 2020-11-1, 5, 1
Duncanville, San Antonio, 2020-11-1, 6, 1
New England, San Antonio, 2020-11-1, 6, 1
Tulsa, San Antonio, 2020-11-1, 6, 1
"#okpreps", San Antonio, 2020-11-1, 7, 1
Brittany, San Antonio, 2020-11-1, 7, 1
Manny, San Antonio, 2020-11-1, 7, 1
"#txhsfb", San Antonio, 2020-11-1, 8, 1
Texans, San Antonio, 2020-11-1, 8, 1
Manny, San Antonio, 2020-11-1, 8, 1
"#txhsfb", San Antonio, 2020-11-1, 9, 1
Hopkins, San Antonio, 2020-11-1, 9, 1
Tulsa, San Antonio, 2020-11-1, 9, 1
Kylie, San Antonio, 2020-11-1, 10, 1
Hopkins, San Antonio, 2020-11-1, 10, 1
"#DeactivateTrump", San Antonio, 2020-11-1, 10, 1
Hopkins, San Antonio, 2020-11-1, 11, 1
"#MementoMori", San Antonio, 2020-11-1, 11, 1
"#DeactivateTrump", San Antonio, 2020-11-1, 11, 1
Hopkins, San Antonio, 2020-11-1, 12, 1
"#MementoMori", San Antonio, 2020-11-1, 12, 1
"#DeactivateTrump", San Antonio, 2020-11-1, 12, 1
"#MementoMori", San Antonio, 2020-11-1, 13, 1
Hopkins, San Antonio, 2020-11-1, 13, 1
"#DeactivateTrump", San Antonio, 2020-11-1, 13, 1
Hopkins, San Antonio, 2020-11-1, 14, 1
"#WearAMask", San Antonio, 2020-11-1, 14, 1
"#DeactivateTrump", San Antonio, 2020-11-1, 14, 1
"#WearAMask", San Antonio, 2020-11-1, 15, 1
Hopkins, San Antonio, 2020-11-1, 15, 1
Crawford, San Antonio, 2020-11-1, 15, 1
Unus Annus, San Antonio, 2020-11-1, 16, 1
Crawford, San Antonio, 2020-11-1, 16, 1
Hopkins, San Antonio, 2020-11-1, 16, 1
"#MementoMori", San Antonio, 2020-11-1, 17, 1
Crawford, San Antonio, 2020-11-1, 17, 1
"#MementoMori", San Antonio, 2020-11-1, 18, 1
Crawford, San Antonio, 2020-11-1, 18, 1
"#MementoMori", San Antonio, 2020-11-1, 19, 1
Crawford, San Antonio, 2020-11-1, 19, 1
"#MementoMori", San Antonio, 2020-11-1, 20, 1
Crawford, San Antonio, 2020-11-1, 20, 1
Justin Reid, San Antonio, 2020-11-1, 21, 1
"#MementoMori", San Antonio, 2020-11-1, 21, 1
Big T, San Antonio, 2020-11-1, 22, 1
Watson, San Antonio, 2020-11-1, 22, 1
Dallas, San Antonio, 2020-11-1, 23, 1
Brooklyn, San Antonio, 2020-11-1, 23, 1
Booker, San Diego, 2020-11-1, 0, 1
"#MementoMori", San Diego, 2020-11-1, 1, 1
"#MementoMori", San Diego, 2020-11-1, 2, 1
Friday the 13th, San Diego, 2020-11-1, 3, 1
"#MementoMori", San Diego, 2020-11-1, 3, 1
hua cheng, San Diego, 2020-11-1, 4, 1
New England, San Diego, 2020-11-1, 4, 1
"#MementoMori", San Diego, 2020-11-1, 4, 1
Friday the 13th, San Diego, 2020-11-1, 5, 1
John Oliver, San Diego, 2020-11-1, 5, 1
"#askfft", San Diego, 2020-11-1, 5, 1
Friday the 13th, San Diego, 2020-11-1, 6, 1
Chargers, San Diego, 2020-11-1, 6, 1
"#AskFFT", San Diego, 2020-11-1, 6, 1
Chargers, San Diego, 2020-11-1, 7, 1
iPhone 12, San Diego, 2020-11-1, 7, 1
Spartans, San Diego, 2020-11-1, 7, 1
chargers, San Diego, 2020-11-1, 8, 1
seokjin, San Diego, 2020-11-1, 8, 1
Spartans, San Diego, 2020-11-1, 8, 1
chargers, San Diego, 2020-11-1, 9, 1
namjoon, San Diego, 2020-11-1, 9, 1
Ricky, San Diego, 2020-11-1, 9, 1
chargers, San Diego, 2020-11-1, 10, 1
namjoon, San Diego, 2020-11-1, 10, 1
ricky, San Diego, 2020-11-1, 10, 1
Chargers, San Diego, 2020-11-1, 11, 1
Namjoon, San Diego, 2020-11-1, 11, 1
Ricky, San Diego, 2020-11-1, 11, 1
Chargers, San Diego, 2020-11-1, 12, 1
namjoon, San Diego, 2020-11-1, 12, 1
Ricky, San Diego, 2020-11-1, 12, 1
"#earthquake", San Diego, 2020-11-1, 13, 1
Megan, San Diego, 2020-11-1, 13, 1
Ricky, San Diego, 2020-11-1, 13, 1
Philippines, San Diego, 2020-11-1, 14, 1
"#earthquake", San Diego, 2020-11-1, 14, 1
"#DeactivateTrump", San Diego, 2020-11-1, 14, 1
Philippines, San Diego, 2020-11-1, 15, 1
"#earthquake", San Diego, 2020-11-1, 15, 1
minho, San Diego, 2020-11-1, 15, 1
Ethan, San Diego, 2020-11-1, 16, 1
"#earthquake", San Diego, 2020-11-1, 16, 1
Peru, San Diego, 2020-11-1, 16, 1
"#MementoMori", San Diego, 2020-11-1, 17, 1
Tommy, San Diego, 2020-11-1, 17, 1
"#MementoMori", San Diego, 2020-11-1, 18, 1
"#GoBears", San Diego, 2020-11-1, 18, 1
"#MementoMori", San Diego, 2020-11-1, 19, 1
UCLA, San Diego, 2020-11-1, 19, 1
"#MementoMori", San Diego, 2020-11-1, 20, 1
Tommy, San Diego, 2020-11-1, 20, 1
"#MementoMori", San Diego, 2020-11-1, 21, 1
Tommy, San Diego, 2020-11-1, 21, 1
"#MementoMori", San Diego, 2020-11-1, 22, 1
Niners, San Diego, 2020-11-1, 22, 1
"#MementoMori", San Diego, 2020-11-1, 23, 1
Jacobs, San Diego, 2020-11-1, 23, 1
Booker, San Francisco, 2020-11-1, 0, 1
"#Dynamite", San Francisco, 2020-11-1, 1, 1
Slovis, San Francisco, 2020-11-1, 2, 1
Friday the 13th, San Francisco, 2020-11-1, 3, 1
Helton, San Francisco, 2020-11-1, 3, 1
Friday the 13th, San Francisco, 2020-11-1, 4, 1
"#Dynamite", San Francisco, 2020-11-1, 4, 1
Friday the 13th, San Francisco, 2020-11-1, 5, 1
Thanksgiving, San Francisco, 2020-11-1, 5, 1
Happy Diwali, San Francisco, 2020-11-1, 5, 1
Friday the 13th, San Francisco, 2020-11-1, 6, 1
Thanksgiving, San Francisco, 2020-11-1, 6, 1
Happy Diwali, San Francisco, 2020-11-1, 6, 1
Thanksgiving, San Francisco, 2020-11-1, 7, 1
"#GBBO", San Francisco, 2020-11-1, 7, 1
Spartans, San Francisco, 2020-11-1, 7, 1
Niners, San Francisco, 2020-11-1, 8, 1
seokjin, San Francisco, 2020-11-1, 8, 1
Ricky, San Francisco, 2020-11-1, 8, 1
niners, San Francisco, 2020-11-1, 9, 1
namjoon, San Francisco, 2020-11-1, 9, 1
Ricky, San Francisco, 2020-11-1, 9, 1
namjoon, San Francisco, 2020-11-1, 10, 1
Niners, San Francisco, 2020-11-1, 10, 1
Ricky, San Francisco, 2020-11-1, 10, 1
niners, San Francisco, 2020-11-1, 11, 1
Namjoon, San Francisco, 2020-11-1, 11, 1
Ricky, San Francisco, 2020-11-1, 11, 1
Niners, San Francisco, 2020-11-1, 12, 1
SEOKJIN, San Francisco, 2020-11-1, 12, 1
Ricky, San Francisco, 2020-11-1, 12, 1
megan, San Francisco, 2020-11-1, 13, 1
Niners, San Francisco, 2020-11-1, 13, 1
Ricky, San Francisco, 2020-11-1, 13, 1
Philippines, San Francisco, 2020-11-1, 14, 1
"#earthquake", San Francisco, 2020-11-1, 14, 1
minho, San Francisco, 2020-11-1, 14, 1
Philippines, San Francisco, 2020-11-1, 15, 1
"#earthquake", San Francisco, 2020-11-1, 15, 1
minho, San Francisco, 2020-11-1, 15, 1
Unus Annus, San Francisco, 2020-11-1, 16, 1
"#earthquake", San Francisco, 2020-11-1, 16, 1
"#TurkishGP", San Francisco, 2020-11-1, 16, 1
SNKRS, San Francisco, 2020-11-1, 17, 1
"#earthquake", San Francisco, 2020-11-1, 17, 1
Tommy, San Francisco, 2020-11-1, 17, 1
Dark Side of the Moon, San Francisco, 2020-11-1, 18, 1
UCLA, San Francisco, 2020-11-1, 18, 1
Kayleigh, San Francisco, 2020-11-1, 19, 1
UCLA, San Francisco, 2020-11-1, 19, 1
Chucky, San Francisco, 2020-11-1, 20, 1
UCLA, San Francisco, 2020-11-1, 20, 1
Arizona, San Francisco, 2020-11-1, 21, 1
Ruggs, San Francisco, 2020-11-1, 21, 1
Arizona, San Francisco, 2020-11-1, 22, 1
Saints, San Francisco, 2020-11-1, 22, 1
Renfrow, San Francisco, 2020-11-1, 23, 1
Booker, San Jose, 2020-11-1, 0, 1
"#MementoMori", San Jose, 2020-11-1, 1, 1
"#MementoMori", San Jose, 2020-11-1, 2, 1
Friday the 13th, San Jose, 2020-11-1, 3, 1
Helton, San Jose, 2020-11-1, 3, 1
hua cheng, San Jose, 2020-11-1, 4, 1
New England, San Jose, 2020-11-1, 4, 1
"#DACA", San Jose, 2020-11-1, 4, 1
French Laundry, San Jose, 2020-11-1, 5, 1
John Oliver, San Jose, 2020-11-1, 5, 1
"#askfft", San Jose, 2020-11-1, 5, 1
French Laundry, San Jose, 2020-11-1, 6, 1
"#RaiderNation", San Jose, 2020-11-1, 6, 1
"#AskFFT", San Jose, 2020-11-1, 6, 1
"#RaiderNation", San Jose, 2020-11-1, 7, 1
"#GBBO", San Jose, 2020-11-1, 7, 1
Spartans, San Jose, 2020-11-1, 7, 1
"#RaiderNation", San Jose, 2020-11-1, 8, 1
seokjin, San Jose, 2020-11-1, 8, 1
Shrek, San Jose, 2020-11-1, 8, 1
"#RaiderNation", San Jose, 2020-11-1, 9, 1
namjoon, San Jose, 2020-11-1, 9, 1
Ricky, San Jose, 2020-11-1, 9, 1
namjoon, San Jose, 2020-11-1, 10, 1
"#RaiderNation", San Jose, 2020-11-1, 10, 1
Ricky, San Jose, 2020-11-1, 10, 1
"#RaiderNation", San Jose, 2020-11-1, 11, 1
Namjoon, San Jose, 2020-11-1, 11, 1
Ricky, San Jose, 2020-11-1, 11, 1
"#raidernation", San Jose, 2020-11-1, 12, 1
namjoon, San Jose, 2020-11-1, 12, 1
Ricky, San Jose, 2020-11-1, 12, 1
Megan, San Jose, 2020-11-1, 13, 1
"#RaiderNation", San Jose, 2020-11-1, 13, 1
Ricky, San Jose, 2020-11-1, 13, 1
Philippines, San Jose, 2020-11-1, 14, 1
"#RaiderNation", San Jose, 2020-11-1, 14, 1
"#DeactivateTrump", San Jose, 2020-11-1, 14, 1
Philippines, San Jose, 2020-11-1, 15, 1
minho, San Jose, 2020-11-1, 15, 1
"#earthquake", San Jose, 2020-11-1, 15, 1
Unus Annus, San Jose, 2020-11-1, 16, 1
Peru, San Jose, 2020-11-1, 16, 1
"#earthquake", San Jose, 2020-11-1, 16, 1
"#MementoMori", San Jose, 2020-11-1, 17, 1
Tommy, San Jose, 2020-11-1, 17, 1
"#MementoMori", San Jose, 2020-11-1, 18, 1
"#GoBears", San Jose, 2020-11-1, 18, 1
"#MementoMori", San Jose, 2020-11-1, 19, 1
UCLA, San Jose, 2020-11-1, 19, 1
"#MementoMori", San Jose, 2020-11-1, 20, 1
Tommy, San Jose, 2020-11-1, 20, 1
"#MementoMori", San Jose, 2020-11-1, 21, 1
Jacobs, San Jose, 2020-11-1, 21, 1
"#MementoMori", San Jose, 2020-11-1, 22, 1
Brees, San Jose, 2020-11-1, 22, 1
"#MementoMori", San Jose, 2020-11-1, 23, 1
Jacobs, San Jose, 2020-11-1, 23, 1
Ken Norton, Seattle, 2020-11-1, 0, 1
Hector, Seattle, 2020-11-1, 1, 1
Hector, Seattle, 2020-11-1, 2, 1
"#FridayThe13th", Seattle, 2020-11-1, 3, 1
Hector, Seattle, 2020-11-1, 3, 1
"#WeWereHere", Seattle, 2020-11-1, 4, 1
dylan morris, Seattle, 2020-11-1, 4, 1
"#WeWereHere", Seattle, 2020-11-1, 5, 1
Morris, Seattle, 2020-11-1, 5, 1
Russ, Seattle, 2020-11-1, 5, 1
"#WeWereHere", Seattle, 2020-11-1, 6, 1
Russ, Seattle, 2020-11-1, 6, 1
Morris, Seattle, 2020-11-1, 6, 1
"#MementoMori", Seattle, 2020-11-1, 7, 1
Seahawks, Seattle, 2020-11-1, 7, 1
Morris, Seattle, 2020-11-1, 7, 1
Russ, Seattle, 2020-11-1, 8, 1
"#MementoMori", Seattle, 2020-11-1, 8, 1
"#GoDawgs", Seattle, 2020-11-1, 8, 1
Russ, Seattle, 2020-11-1, 9, 1
"#MementoMori", Seattle, 2020-11-1, 9, 1
"#godawgs", Seattle, 2020-11-1, 9, 1
"#MementoMori", Seattle, 2020-11-1, 10, 1
Russ, Seattle, 2020-11-1, 10, 1
"#GoCougs", Seattle, 2020-11-1, 10, 1
Russ, Seattle, 2020-11-1, 11, 1
"#MementoMori", Seattle, 2020-11-1, 11, 1
"#GoCougs", Seattle, 2020-11-1, 11, 1
Russ, Seattle, 2020-11-1, 12, 1
"#MementoMori", Seattle, 2020-11-1, 12, 1
"#gocougs", Seattle, 2020-11-1, 12, 1
Russ, Seattle, 2020-11-1, 13, 1
"#MementoMori", Seattle, 2020-11-1, 13, 1
"#gocougs", Seattle, 2020-11-1, 13, 1
Russ, Seattle, 2020-11-1, 14, 1
"#MarchForTrump", Seattle, 2020-11-1, 14, 1
"#gocougs", Seattle, 2020-11-1, 14, 1
"#MarchForTrump", Seattle, 2020-11-1, 15, 1
Russ, Seattle, 2020-11-1, 15, 1
"#GoCougs", Seattle, 2020-11-1, 15, 1
Unus Annus, Seattle, 2020-11-1, 16, 1
"#GoCougs", Seattle, 2020-11-1, 16, 1
"#MyRoboCrush", Seattle, 2020-11-1, 16, 1
"#MementoMori", Seattle, 2020-11-1, 17, 1
YOU LOST, Seattle, 2020-11-1, 17, 1
Nazi, Seattle, 2020-11-1, 17, 1
"#MementoMori", Seattle, 2020-11-1, 18, 1
Proud Boys, Seattle, 2020-11-1, 18, 1
"#MementoMori", Seattle, 2020-11-1, 19, 1
Inslee, Seattle, 2020-11-1, 19, 1
"#MementoMori", Seattle, 2020-11-1, 20, 1
Thanksgiving, Seattle, 2020-11-1, 20, 1
"#MementoMori", Seattle, 2020-11-1, 21, 1
Thanksgiving, Seattle, 2020-11-1, 21, 1
Thanksgiving, Seattle, 2020-11-1, 22, 1
"#MementoMori", Seattle, 2020-11-1, 22, 1
Thanksgiving, Seattle, 2020-11-1, 23, 1
Doug, Washington, 2020-11-1, 0, 1
Happy Diwali, Washington, 2020-11-1, 1, 1
MAGA, Washington, 2020-11-1, 2, 1
"#wewerehere", Washington, 2020-11-1, 3, 1
MAGA, Washington, 2020-11-1, 3, 1
"#WeWereHere", Washington, 2020-11-1, 4, 1
MAGA, Washington, 2020-11-1, 4, 1
"#WeWereHere", Washington, 2020-11-1, 5, 1
Crawford, Washington, 2020-11-1, 5, 1
Ravens, Washington, 2020-11-1, 5, 1
"#WeWereHere", Washington, 2020-11-1, 6, 1
Crawford, Washington, 2020-11-1, 6, 1
Ravens, Washington, 2020-11-1, 6, 1
"#MementoMori", Washington, 2020-11-1, 7, 1
Ravens, Washington, 2020-11-1, 7, 1
Gucci, Washington, 2020-11-1, 7, 1
Ravens, Washington, 2020-11-1, 8, 1
Gucci, Washington, 2020-11-1, 8, 1
"#MementoMori", Washington, 2020-11-1, 8, 1
Ravens, Washington, 2020-11-1, 9, 1
"#MementoMori", Washington, 2020-11-1, 9, 1
"#DeactivateTrump", Washington, 2020-11-1, 9, 1
"#MementoMori", Washington, 2020-11-1, 10, 1
"#CrimsixIsABot", Washington, 2020-11-1, 10, 1
"#DeactivateTrump", Washington, 2020-11-1, 10, 1
"#CrimsixIsABot", Washington, 2020-11-1, 11, 1
"#MementoMori", Washington, 2020-11-1, 11, 1
"#DeactivateTrump", Washington, 2020-11-1, 11, 1
"#MondayMorning", Washington, 2020-11-1, 12, 1
"#MementoMori", Washington, 2020-11-1, 12, 1
"#DeactivateTrump", Washington, 2020-11-1, 12, 1
"#MondayMotivation", Washington, 2020-11-1, 13, 1
"#MementoMori", Washington, 2020-11-1, 13, 1
"#DeactivateTrump", Washington, 2020-11-1, 13, 1
"#MondayMotivation", Washington, 2020-11-1, 14, 1
"#MarchForTrump", Washington, 2020-11-1, 14, 1
"#TrumpConceded", Washington, 2020-11-1, 14, 1
"#MondayMotivation", Washington, 2020-11-1, 15, 1
"#TrumpConceded", Washington, 2020-11-1, 15, 1
"#MarchForTrump", Washington, 2020-11-1, 15, 1
"#MondayMotivation", Washington, 2020-11-1, 16, 1
"#MarchForTrump", Washington, 2020-11-1, 16, 1
"#TrumpConceded", Washington, 2020-11-1, 16, 1
"#MarchForTrump", Washington, 2020-11-1, 17, 1
meek, Washington, 2020-11-1, 17, 1
Lakers, Washington, 2020-11-1, 17, 1
Proud Boys, Washington, 2020-11-1, 18, 1
Proud Boys, Washington, 2020-11-1, 19, 1
Capitol, Washington, 2020-11-1, 19, 1
Capitol, Washington, 2020-11-1, 20, 1
Eagles, Washington, 2020-11-1, 20, 1
Capitol, Washington, 2020-11-1, 21, 1
Gucci, Washington, 2020-11-1, 21, 1
Freedom Plaza, Washington, 2020-11-1, 22, 1
Gucci, Washington, 2020-11-1, 22, 1
Freedom Plaza, Washington, 2020-11-1, 23, 1
"#WashingtonFootball", Washington, 2020-11-1, 23, 1
